first_s	last_s	max_size	max_blocks	path
320.4	372.4	1682430130	1682436096	v00000/partitions/default/views/geo/segments/seg-0/columns.arrow
101.6	260.1	1342177280	1342181376	.build-tmp/column-3.arena
260.7	372.4	1031654690	1031659520	v00000/partitions/default/attrs/record/blocks.bin
101.6	260.1	1006312728	1006374912	.build-tmp/column-2.at
7.0	204.9	1006312728	1006317568	.build-tmp/source-ids.u64
309.3	372.4	519605474	519610368	v00000/partitions/default/attrs/record/directory.arrow
205.9	233.0	517771117	517771264	.build-tmp/member-table.spill
315.8	372.4	503324672	503328768	v00000/partitions/default/views/geo/permutation.bin
55.1	311.3	503156364	503160832	.build-tmp/x-of-ordinal-0.u32
55.1	311.3	503156364	503160832	.build-tmp/y-of-ordinal-0.u32
63.6	372.4	503156368	503160832	v00000/partitions/default/entities/terms/offsets.u32
63.6	372.4	503156364	503160832	v00000/partitions/default/entities/terms/terms.u32
63.6	369.9	503156364	503160832	.build-tmp/entity-of-ordinal.u32
309.8	321.9	503156364	503160832	.build-tmp/y-of-entity.u32
314.8	372.4	503156364	503160832	v00000/partitions/default/views/geo/segments/seg-0/morton.u32
316.8	372.4	503156364	503160832	v00000/partitions/default/views/geo/row-entity.u32
368.8	372.4	503156380	503160832	v00000/partitions/default/row-column/row-column-000000-001.tslb
369.3	372.4	503156380	503160832	v00000/partitions/default/row-column/row-column-000000-002.tslb
309.8	321.9	503156364	503156736	.build-tmp/x-of-entity.u32
257.6	372.4	488795770	488800256	v00000/partitions/default/attrs/specieskey/values.arrow
234.5	257.6	473983152	473989120	v00000/partitions/default/attrs/specieskey/values.arrow.spool
251.1	257.1	473983152	473985024	v00000/partitions/default/attrs/specieskey/keyword-ordinals.scratch
230.5	372.4	326472875	326475776	v00000/partitions/default/members/members-000000-002.tsmb
228.5	372.4	278538037	278544384	v00000/partitions/default/members/members-000000-001.tsmb
260.7	372.4	258407802	258408448	v00000/partitions/default/attrs/year/values.arrow
63.6	101.1	254325481	254332928	.build-tmp/band-0.pairs
101.6	260.1	251578182	251609088	.build-tmp/column-5.col
368.8	372.4	251578198	251580416	v00000/partitions/default/row-column/row-column-000000-000.tslb
258.1	260.1	243206776	243212288	v00000/partitions/default/attrs/year/values.arrow.spool
227.5	372.4	238738645	238739456	v00000/partitions/default/members/members-000000-000.tsmb
101.6	162.8	134217728	134217728	.build-tmp/column-16.arena
101.6	369.9	125789091	125796352	.build-tmp/column-0.col
318.9	321.4	125789091	125792256	.build-tmp/column-18.col
192.9	220.5	106926072	106926080	.build-tmp/member-run-0003.spill
200.4	220.5	104877317	104878080	.build-tmp/member-run-0004.spill
171.3	220.0	103977954	103981056	.build-tmp/member-run-0000.spill
185.4	220.5	101826332	101826560	.build-tmp/member-run-0002.spill
248.6	256.6	95068068	95068160	v00000/partitions/default/attrs/specieskey/keyword-run-00001.spill
241.1	256.6	93349378	93351936	v00000/partitions/default/attrs/specieskey/keyword-run-00000.spill
177.8	220.5	91434386	91435008	.build-tmp/member-run-0001.spill
101.6	162.8	67108864	67108864	.build-tmp/column-11.arena
205.4	220.5	57753458	57753600	.build-tmp/member-run-0005.spill
113.7	309.3	34455795	34459648	.build-tmp/extent-3-00007.blocks.bin
104.1	309.3	34319800	34320384	.build-tmp/extent-3-00001.blocks.bin
105.6	309.3	33986874	33988608	.build-tmp/extent-3-00002.blocks.bin
111.6	309.3	33866924	33869824	.build-tmp/extent-3-00006.blocks.bin
139.7	309.3	32424407	32428032	.build-tmp/extent-3-00022.blocks.bin
155.8	309.3	32152490	32153600	.build-tmp/extent-3-00031.blocks.bin
129.7	309.3	31966697	31969280	.build-tmp/extent-3-00017.blocks.bin
144.7	309.3	31951882	31952896	.build-tmp/extent-3-00025.blocks.bin
131.7	309.3	31896444	31899648	.build-tmp/extent-3-00018.blocks.bin
143.2	309.3	31871165	31875072	.build-tmp/extent-3-00024.blocks.bin
137.7	309.3	31819075	31821824	.build-tmp/extent-3-00021.blocks.bin
152.2	309.3	31713885	31715328	.build-tmp/extent-3-00029.blocks.bin
161.3	309.3	31661101	31662080	.build-tmp/extent-3-00034.blocks.bin
159.3	309.3	31645130	31645696	.build-tmp/extent-3-00033.blocks.bin
133.7	309.3	31603070	31604736	.build-tmp/extent-3-00019.blocks.bin
157.8	309.3	31577346	31580160	.build-tmp/extent-3-00032.blocks.bin
141.2	309.3	31297686	31301632	.build-tmp/extent-3-00023.blocks.bin
153.8	309.3	31280226	31281152	.build-tmp/extent-3-00030.blocks.bin
107.1	309.3	30890159	30892032	.build-tmp/extent-3-00003.blocks.bin
135.7	309.3	30793651	30793728	.build-tmp/extent-3-00020.blocks.bin
108.6	309.3	30487279	30490624	.build-tmp/extent-3-00004.blocks.bin
146.7	309.3	30081928	30085120	.build-tmp/extent-3-00026.blocks.bin
128.2	309.3	29169651	29171712	.build-tmp/extent-3-00016.blocks.bin
148.7	309.3	28943271	28946432	.build-tmp/extent-3-00027.blocks.bin
150.2	309.3	28884118	28884992	.build-tmp/extent-3-00028.blocks.bin
110.1	309.3	28721812	28725248	.build-tmp/extent-3-00005.blocks.bin
101.6	162.8	28633112	28635136	.build-tmp/column-15.at
101.6	162.8	28633112	28635136	.build-tmp/column-10.at
102.6	309.3	28348566	28352512	.build-tmp/extent-3-00000.blocks.bin
123.2	309.3	28335406	28336128	.build-tmp/extent-3-00013.blocks.bin
115.2	309.3	27933281	27934720	.build-tmp/extent-3-00008.blocks.bin
124.7	309.3	27867006	27869184	.build-tmp/extent-3-00014.blocks.bin
116.7	309.3	26319414	26320896	.build-tmp/extent-3-00009.blocks.bin
121.2	309.3	26027565	26030080	.build-tmp/extent-3-00012.blocks.bin
126.2	309.3	25745157	25747456	.build-tmp/extent-3-00015.blocks.bin
118.2	309.3	23152366	23154688	.build-tmp/extent-3-00010.blocks.bin
119.7	309.3	22772744	22773760	.build-tmp/extent-3-00011.blocks.bin
162.8	309.3	17136551	17137664	.build-tmp/extent-3-00035.blocks.bin
101.6	260.1	15723640	15732736	.build-tmp/column-6.present
101.6	260.1	15723640	15732736	.build-tmp/column-4.present
101.6	369.9	15723640	15732736	.build-tmp/column-1.present
101.6	309.3	15723640	15724544	.build-tmp/column-7.present
318.9	319.9	15723640	15724544	.build-tmp/column-19.present
103.1	309.3	14620962	14622720	.build-tmp/extent-3-00000.directory.arrow
104.6	309.3	14619618	14622720	.build-tmp/extent-3-00001.directory.arrow
106.6	309.3	14619618	14622720	.build-tmp/extent-3-00002.directory.arrow
108.1	309.3	14621154	14622720	.build-tmp/extent-3-00003.directory.arrow
109.1	309.3	14620130	14622720	.build-tmp/extent-3-00004.directory.arrow
110.6	309.3	14619106	14622720	.build-tmp/extent-3-00005.directory.arrow
112.7	309.3	14620450	14622720	.build-tmp/extent-3-00006.directory.arrow
114.2	309.3	14620130	14622720	.build-tmp/extent-3-00007.directory.arrow
118.7	309.3	14620962	14622720	.build-tmp/extent-3-00010.directory.arrow
120.7	309.3	14620962	14622720	.build-tmp/extent-3-00011.directory.arrow
122.2	309.3	14620962	14622720	.build-tmp/extent-3-00012.directory.arrow
123.7	309.3	14620130	14622720	.build-tmp/extent-3-00013.directory.arrow
125.2	309.3	14620450	14622720	.build-tmp/extent-3-00014.directory.arrow
127.2	309.3	14620450	14622720	.build-tmp/extent-3-00015.directory.arrow
128.7	309.3	14620450	14622720	.build-tmp/extent-3-00016.directory.arrow
130.7	309.3	14620450	14622720	.build-tmp/extent-3-00017.directory.arrow
132.7	309.3	14620450	14622720	.build-tmp/extent-3-00018.directory.arrow
134.2	309.3	14620514	14622720	.build-tmp/extent-3-00019.directory.arrow
136.7	309.3	14620514	14622720	.build-tmp/extent-3-00020.directory.arrow
138.7	309.3	14620450	14622720	.build-tmp/extent-3-00021.directory.arrow
140.2	309.3	14620130	14622720	.build-tmp/extent-3-00022.directory.arrow
142.2	309.3	14620450	14622720	.build-tmp/extent-3-00023.directory.arrow
143.7	309.3	14620450	14622720	.build-tmp/extent-3-00024.directory.arrow
145.7	309.3	14620450	14622720	.build-tmp/extent-3-00025.directory.arrow
147.7	309.3	14620450	14622720	.build-tmp/extent-3-00026.directory.arrow
149.2	309.3	14620450	14622720	.build-tmp/extent-3-00027.directory.arrow
150.7	309.3	14620706	14622720	.build-tmp/extent-3-00028.directory.arrow
152.8	309.3	14620514	14622720	.build-tmp/extent-3-00029.directory.arrow
154.8	309.3	14620450	14622720	.build-tmp/extent-3-00030.directory.arrow
156.3	309.3	14620194	14622720	.build-tmp/extent-3-00031.directory.arrow
158.3	309.3	14620450	14622720	.build-tmp/extent-3-00032.directory.arrow
160.3	309.3	14620642	14622720	.build-tmp/extent-3-00033.directory.arrow
162.3	309.3	14620450	14622720	.build-tmp/extent-3-00034.directory.arrow
115.7	309.3	14618402	14618624	.build-tmp/extent-3-00008.directory.arrow
117.7	309.3	14617570	14618624	.build-tmp/extent-3-00009.directory.arrow
258.1	372.4	10659604	10661888	v00000/partitions/default/attrs/specieskey/presence.roaring
163.3	309.3	7957986	7958528	.build-tmp/extent-3-00035.directory.arrow
101.6	162.8	7158278	7159808	.build-tmp/column-13.col
101.6	162.8	3579139	3579904	.build-tmp/column-8.col
260.7	372.4	2888122	2891776	v00000/partitions/default/attrs/year/presence.roaring
251.1	372.4	2312606	2314240	v00000/partitions/default/attrs/specieskey/dict.bin
370.4	372.4	2002256	2002944	v00000/partitions/default/containment/containment-000000-002.tscp
123.7	309.3	1631818	1634304	.build-tmp/extent-3-00013.hasrow.roaring
118.7	309.3	1514385	1515520	.build-tmp/extent-3-00010.hasrow.roaring
114.2	309.3	1458544	1462272	.build-tmp/extent-3-00007.hasrow.roaring
142.2	309.3	1449680	1449984	.build-tmp/extent-3-00023.hasrow.roaring
120.7	309.3	1403956	1404928	.build-tmp/extent-3-00011.hasrow.roaring
112.7	309.3	1305422	1306624	.build-tmp/extent-3-00006.hasrow.roaring
110.6	309.3	1239544	1241088	.build-tmp/extent-3-00005.hasrow.roaring
145.7	309.3	1207789	1208320	.build-tmp/extent-3-00025.hasrow.roaring
143.7	309.3	1186414	1187840	.build-tmp/extent-3-00024.hasrow.roaring
130.7	309.3	1177130	1179648	.build-tmp/extent-3-00017.hasrow.roaring
134.7	309.3	1172223	1175552	.build-tmp/extent-3-00019.hasrow.roaring
138.7	309.3	1168795	1171456	.build-tmp/extent-3-00021.hasrow.roaring
158.3	309.3	1168653	1171456	.build-tmp/extent-3-00032.hasrow.roaring
160.3	309.3	1165095	1167360	.build-tmp/extent-3-00033.hasrow.roaring
162.3	309.3	1147681	1150976	.build-tmp/extent-3-00034.hasrow.roaring
136.7	309.3	1145604	1146880	.build-tmp/extent-3-00020.hasrow.roaring
132.7	309.3	1141975	1142784	.build-tmp/extent-3-00018.hasrow.roaring
152.8	309.3	1140173	1142784	.build-tmp/extent-3-00029.hasrow.roaring
140.2	309.3	1103895	1105920	.build-tmp/extent-3-00022.hasrow.roaring
156.3	309.3	1072657	1073152	.build-tmp/extent-3-00031.hasrow.roaring
98.1	372.4	1056194	1056768	v00000/partitions/default/terms/pairs.parquet
149.2	309.3	1038993	1040384	.build-tmp/extent-3-00027.hasrow.roaring
147.7	309.3	1004959	1007616	.build-tmp/extent-3-00026.hasrow.roaring
106.6	309.3	994229	995328	.build-tmp/extent-3-00002.hasrow.roaring
122.2	309.3	993410	995328	.build-tmp/extent-3-00012.hasrow.roaring
128.7	309.3	995128	995328	.build-tmp/extent-3-00016.hasrow.roaring
104.6	309.3	980379	983040	.build-tmp/extent-3-00001.hasrow.roaring
125.2	309.3	982289	983040	.build-tmp/extent-3-00014.hasrow.roaring
109.6	309.3	925997	929792	.build-tmp/extent-3-00004.hasrow.roaring
127.2	309.3	870034	872448	.build-tmp/extent-3-00015.hasrow.roaring
151.2	309.3	852052	856064	.build-tmp/extent-3-00028.hasrow.roaring
154.8	309.3	854490	856064	.build-tmp/extent-3-00030.hasrow.roaring
103.1	309.3	810645	811008	.build-tmp/extent-3-00000.hasrow.roaring
163.3	309.3	667101	667648	.build-tmp/extent-3-00035.hasrow.roaring
115.7	309.3	609010	610304	.build-tmp/extent-3-00008.hasrow.roaring
101.6	162.8	447400	450560	.build-tmp/column-14.present
101.6	162.8	447400	450560	.build-tmp/column-17.present
101.6	162.8	447400	450560	.build-tmp/column-9.present
101.6	162.8	447400	450560	.build-tmp/column-12.present
370.4	372.4	367056	368640	v00000/partitions/default/containment/containment-000000-001.tscp
108.1	309.3	274060	274432	.build-tmp/extent-3-00003.hasrow.roaring
117.7	309.3	258344	262144	.build-tmp/extent-3-00009.hasrow.roaring
370.4	372.4	47524	49152	v00000/partitions/default/containment/containment-000000-000.tscp
101.6	372.4	33714	36864	v00000/partitions/default/terms/postings.arrow
98.1	372.4	27124	28672	v00000/partitions/default/entities/terms/hasrow.roaring
98.1	101.1	27825	28672	.build-tmp/postings.spool
309.3	372.4	27124	28672	v00000/partitions/default/attrs/record/hasrow.roaring
234.0	372.4	20096	20480	reports/containment.json
372.4	372.4	7280	8192	v00000/MANIFEST.json
372.4	372.4	5694	8192	v00000/partitions/default/SEGMENTS-0.json
37.0	372.4	1530	4096	v00000/dictionary/terms-0.dict
372.4	372.4	113	4096	CURRENT
