n,mask,coverage,viewport_rows,match_share,route,detail,ms,ns_per_viewport_row,result_entities,hits
10000000,contiguous,0.01,300000,0.00100,E-scan,entity-space column,0.049,0.16,108,7
10000000,contiguous,0.01,300000,0.00100,E-cross,project,0.020,0.07,108,7
10000000,contiguous,0.01,300000,0.00100,E-total,project,0.070,0.23,108,7
10000000,contiguous,0.01,300000,0.00100,R-dense,render column,0.211,0.70,108,7
10000000,contiguous,0.01,300000,0.00100,R-masked,render column,0.036,0.12,108,7
10000000,contiguous,0.01,30000,0.00100,E-scan,entity-space column,0.034,1.12,108,0
10000000,contiguous,0.01,30000,0.00100,E-cross,project,0.012,0.40,108,0
10000000,contiguous,0.01,30000,0.00100,E-total,project,0.046,1.52,108,0
10000000,contiguous,0.01,30000,0.00100,R-dense,render column,0.021,0.70,108,0
10000000,contiguous,0.01,30000,0.00100,R-masked,render column,0.018,0.59,108,0
10000000,contiguous,0.25,300000,0.00100,E-scan,entity-space column,0.619,2.06,2552,81
10000000,contiguous,0.25,300000,0.00100,E-cross,project,0.149,0.50,2552,81
10000000,contiguous,0.25,300000,0.00100,E-total,project,0.768,2.56,2552,81
10000000,contiguous,0.25,300000,0.00100,R-dense,render column,0.157,0.52,2552,81
10000000,contiguous,0.25,300000,0.00100,R-masked,render column,0.283,0.94,2552,81
10000000,contiguous,0.25,30000,0.00100,E-scan,entity-space column,0.613,20.43,2552,11
10000000,contiguous,0.25,30000,0.00100,E-cross,project,0.128,4.27,2552,11
10000000,contiguous,0.25,30000,0.00100,E-total,project,0.741,24.70,2552,11
10000000,contiguous,0.25,30000,0.00100,R-dense,render column,0.017,0.58,2552,11
10000000,contiguous,0.25,30000,0.00100,R-masked,render column,0.036,1.21,2552,11
10000000,blocked,0.01,300000,0.00100,E-scan,entity-space column,0.053,0.18,146,6
10000000,blocked,0.01,300000,0.00100,E-cross,project,0.013,0.04,146,6
10000000,blocked,0.01,300000,0.00100,E-total,project,0.066,0.22,146,6
10000000,blocked,0.01,300000,0.00100,R-dense,render column,0.151,0.50,146,6
10000000,blocked,0.01,300000,0.00100,R-masked,render column,0.034,0.11,146,6
10000000,blocked,0.01,30000,0.00100,E-scan,entity-space column,0.040,1.34,146,0
10000000,blocked,0.01,30000,0.00100,E-cross,project,0.013,0.44,146,0
10000000,blocked,0.01,30000,0.00100,E-total,project,0.053,1.77,146,0
10000000,blocked,0.01,30000,0.00100,R-dense,render column,0.019,0.62,146,0
10000000,blocked,0.01,30000,0.00100,R-masked,render column,0.019,0.64,146,0
10000000,blocked,0.25,300000,0.00100,E-scan,entity-space column,0.607,2.02,2588,70
10000000,blocked,0.25,300000,0.00100,E-cross,project,0.104,0.35,2588,70
10000000,blocked,0.25,300000,0.00100,E-total,project,0.711,2.37,2588,70
10000000,blocked,0.25,300000,0.00100,R-dense,render column,0.144,0.48,2588,70
10000000,blocked,0.25,300000,0.00100,R-masked,render column,0.260,0.87,2588,70
10000000,blocked,0.25,30000,0.00100,E-scan,entity-space column,0.619,20.62,2588,10
10000000,blocked,0.25,30000,0.00100,E-cross,project,0.079,2.64,2588,10
10000000,blocked,0.25,30000,0.00100,E-total,project,0.698,23.26,2588,10
10000000,blocked,0.25,30000,0.00100,R-dense,render column,0.017,0.58,2588,10
10000000,blocked,0.25,30000,0.00100,R-masked,render column,0.035,1.18,2588,10
10000000,scattered,0.01,300000,0.00100,E-scan,entity-space column,0.983,3.28,87,2
10000000,scattered,0.01,300000,0.00100,E-cross,project,0.016,0.05,87,2
10000000,scattered,0.01,300000,0.00100,E-total,project,0.999,3.33,87,2
10000000,scattered,0.01,300000,0.00100,R-dense,render column,0.160,0.53,87,2
10000000,scattered,0.01,300000,0.00100,R-masked,render column,0.028,0.09,87,2
10000000,scattered,0.01,30000,0.00100,E-scan,entity-space column,0.534,17.81,87,0
10000000,scattered,0.01,30000,0.00100,E-cross,project,0.012,0.39,87,0
10000000,scattered,0.01,30000,0.00100,E-total,project,0.546,18.20,87,0
10000000,scattered,0.01,30000,0.00100,R-dense,render column,0.018,0.62,87,0
10000000,scattered,0.01,30000,0.00100,R-masked,render column,0.016,0.55,87,0
10000000,scattered,0.25,300000,0.00100,E-scan,entity-space column,21.521,71.74,2565,75
10000000,scattered,0.25,300000,0.00100,E-cross,project,0.176,0.59,2565,75
10000000,scattered,0.25,300000,0.00100,E-total,project,21.697,72.32,2565,75
10000000,scattered,0.25,300000,0.00100,R-dense,render column,0.173,0.58,2565,75
10000000,scattered,0.25,300000,0.00100,R-masked,render column,0.257,0.86,2565,75
10000000,scattered,0.25,30000,0.00100,E-scan,entity-space column,21.461,715.37,2565,6
10000000,scattered,0.25,30000,0.00100,E-cross,project,0.183,6.10,2565,6
10000000,scattered,0.25,30000,0.00100,E-total,project,21.644,721.46,2565,6
10000000,scattered,0.25,30000,0.00100,R-dense,render column,0.018,0.59,2565,6
10000000,scattered,0.25,30000,0.00100,R-masked,render column,0.036,1.21,2565,6
10000000,contiguous,0.01,300000,0.25000,E-scan,entity-space column,0.134,0.45,24859,781
10000000,contiguous,0.01,300000,0.25000,E-cross,project,0.429,1.43,24859,781
10000000,contiguous,0.01,300000,0.25000,E-total,project,0.563,1.88,24859,781
10000000,contiguous,0.01,300000,0.25000,R-dense,render column,0.905,3.02,24859,781
10000000,contiguous,0.01,300000,0.25000,R-masked,render column,0.068,0.23,24859,781
10000000,contiguous,0.01,30000,0.25000,E-scan,entity-space column,0.130,4.33,24859,77
10000000,contiguous,0.01,30000,0.25000,E-cross,project,0.434,14.46,24859,77
10000000,contiguous,0.01,30000,0.25000,E-total,project,0.564,18.79,24859,77
10000000,contiguous,0.01,30000,0.25000,R-dense,render column,0.124,4.15,24859,77
10000000,contiguous,0.01,30000,0.25000,R-masked,render column,0.024,0.80,24859,77
10000000,contiguous,0.25,300000,0.25000,E-scan,entity-space column,0.991,3.30,625105,18698
10000000,contiguous,0.25,300000,0.25000,E-cross,project,11.703,39.01,625105,18698
10000000,contiguous,0.25,300000,0.25000,E-total,project,12.694,42.31,625105,18698
10000000,contiguous,0.25,300000,0.25000,R-dense,render column,0.918,3.06,625105,18698
10000000,contiguous,0.25,300000,0.25000,R-masked,render column,0.464,1.55,625105,18698
10000000,contiguous,0.25,30000,0.25000,E-scan,entity-space column,1.006,33.54,625105,1897
10000000,contiguous,0.25,30000,0.25000,E-cross,per-tile,0.343,11.43,625105,1897
10000000,contiguous,0.25,30000,0.25000,E-total,per-tile,1.349,44.98,625105,1897
10000000,contiguous,0.25,30000,0.25000,R-dense,render column,0.114,3.79,625105,1897
10000000,contiguous,0.25,30000,0.25000,R-masked,render column,0.075,2.50,625105,1897
10000000,blocked,0.01,300000,0.25000,E-scan,entity-space column,0.055,0.18,32905,1070
10000000,blocked,0.01,300000,0.25000,E-cross,project,0.575,1.92,32905,1070
10000000,blocked,0.01,300000,0.25000,E-total,project,0.630,2.10,32905,1070
10000000,blocked,0.01,300000,0.25000,R-dense,render column,0.875,2.92,32905,1070
10000000,blocked,0.01,300000,0.25000,R-masked,render column,0.063,0.21,32905,1070
10000000,blocked,0.01,30000,0.25000,E-scan,entity-space column,0.052,1.72,32905,91
10000000,blocked,0.01,30000,0.25000,E-cross,project,0.571,19.03,32905,91
10000000,blocked,0.01,30000,0.25000,E-total,project,0.623,20.75,32905,91
10000000,blocked,0.01,30000,0.25000,R-dense,render column,0.127,4.22,32905,91
10000000,blocked,0.01,30000,0.25000,R-masked,render column,0.026,0.87,32905,91
10000000,blocked,0.25,300000,0.25000,E-scan,entity-space column,1.127,3.76,632094,18965
10000000,blocked,0.25,300000,0.25000,E-cross,project,12.033,40.11,632094,18965
10000000,blocked,0.25,300000,0.25000,E-total,project,13.160,43.87,632094,18965
10000000,blocked,0.25,300000,0.25000,R-dense,render column,0.886,2.95,632094,18965
10000000,blocked,0.25,300000,0.25000,R-masked,render column,0.472,1.57,632094,18965
10000000,blocked,0.25,30000,0.25000,E-scan,entity-space column,1.080,36.01,632094,1872
10000000,blocked,0.25,30000,0.25000,E-cross,per-tile,0.414,13.79,632094,1872
10000000,blocked,0.25,30000,0.25000,E-total,per-tile,1.494,49.80,632094,1872
10000000,blocked,0.25,30000,0.25000,R-dense,render column,0.126,4.19,632094,1872
10000000,blocked,0.25,30000,0.25000,R-masked,render column,0.073,2.43,632094,1872
10000000,scattered,0.01,300000,0.25000,E-scan,entity-space column,1.098,3.66,25016,717
10000000,scattered,0.01,300000,0.25000,E-cross,project,0.943,3.14,25016,717
10000000,scattered,0.01,300000,0.25000,E-total,project,2.041,6.80,25016,717
10000000,scattered,0.01,300000,0.25000,R-dense,render column,0.884,2.95,25016,717
10000000,scattered,0.01,300000,0.25000,R-masked,render column,0.052,0.17,25016,717
10000000,scattered,0.01,30000,0.25000,E-scan,entity-space column,1.061,35.38,25016,80
10000000,scattered,0.01,30000,0.25000,E-cross,project,0.901,30.03,25016,80
10000000,scattered,0.01,30000,0.25000,E-total,project,1.962,65.41,25016,80
10000000,scattered,0.01,30000,0.25000,R-dense,render column,0.139,4.62,25016,80
10000000,scattered,0.01,30000,0.25000,R-masked,render column,0.024,0.81,25016,80
10000000,scattered,0.25,300000,0.25000,E-scan,entity-space column,29.451,98.17,625800,18771
10000000,scattered,0.25,300000,0.25000,E-cross,project,12.378,41.26,625800,18771
10000000,scattered,0.25,300000,0.25000,E-total,project,41.829,139.43,625800,18771
10000000,scattered,0.25,300000,0.25000,R-dense,render column,0.929,3.10,625800,18771
10000000,scattered,0.25,300000,0.25000,R-masked,render column,0.463,1.54,625800,18771
10000000,scattered,0.25,30000,0.25000,E-scan,entity-space column,29.015,967.17,625800,1849
10000000,scattered,0.25,30000,0.25000,E-cross,per-tile,1.208,40.28,625800,1849
10000000,scattered,0.25,30000,0.25000,E-total,per-tile,30.224,1007.45,625800,1849
10000000,scattered,0.25,30000,0.25000,R-dense,render column,0.113,3.76,625800,1849
10000000,scattered,0.25,30000,0.25000,R-masked,render column,0.075,2.52,625800,1849
100000000,contiguous,0.01,300000,0.00100,E-scan,entity-space column,0.269,0.90,1052,4
100000000,contiguous,0.01,300000,0.00100,E-cross,project,0.115,0.38,1052,4
100000000,contiguous,0.01,300000,0.00100,E-total,project,0.384,1.28,1052,4
100000000,contiguous,0.01,300000,0.00100,R-dense,render column,0.180,0.60,1052,4
100000000,contiguous,0.01,300000,0.00100,R-masked,render column,0.051,0.17,1052,4
100000000,contiguous,0.01,30000,0.00100,E-scan,entity-space column,0.265,8.82,1052,1
100000000,contiguous,0.01,30000,0.00100,E-cross,project,0.080,2.66,1052,1
100000000,contiguous,0.01,30000,0.00100,E-total,project,0.344,11.48,1052,1
100000000,contiguous,0.01,30000,0.00100,R-dense,render column,0.022,0.74,1052,1
100000000,contiguous,0.01,30000,0.00100,R-masked,render column,0.027,0.92,1052,1
100000000,contiguous,0.25,300000,0.00100,E-scan,entity-space column,6.318,21.06,24991,82
100000000,contiguous,0.25,300000,0.00100,E-cross,project,1.281,4.27,24991,82
100000000,contiguous,0.25,300000,0.00100,E-total,project,7.599,25.33,24991,82
100000000,contiguous,0.25,300000,0.00100,R-dense,render column,0.188,0.63,24991,82
100000000,contiguous,0.25,300000,0.00100,R-masked,render column,0.335,1.12,24991,82
100000000,contiguous,0.25,30000,0.00100,E-scan,entity-space column,6.168,205.60,24991,10
100000000,contiguous,0.25,30000,0.00100,E-cross,project,1.267,42.22,24991,10
100000000,contiguous,0.25,30000,0.00100,E-total,project,7.435,247.82,24991,10
100000000,contiguous,0.25,30000,0.00100,R-dense,render column,0.025,0.83,24991,10
100000000,contiguous,0.25,30000,0.00100,R-masked,render column,0.049,1.62,24991,10
100000000,blocked,0.01,300000,0.00100,E-scan,entity-space column,0.272,0.91,1072,3
100000000,blocked,0.01,300000,0.00100,E-cross,project,0.102,0.34,1072,3
100000000,blocked,0.01,300000,0.00100,E-total,project,0.374,1.25,1072,3
100000000,blocked,0.01,300000,0.00100,R-dense,render column,0.219,0.73,1072,3
100000000,blocked,0.01,300000,0.00100,R-masked,render column,0.051,0.17,1072,3
100000000,blocked,0.01,30000,0.00100,E-scan,entity-space column,0.267,8.91,1072,0
100000000,blocked,0.01,30000,0.00100,E-cross,project,0.093,3.11,1072,0
100000000,blocked,0.01,30000,0.00100,E-total,project,0.361,12.02,1072,0
100000000,blocked,0.01,30000,0.00100,R-dense,render column,0.020,0.67,1072,0
100000000,blocked,0.01,30000,0.00100,R-masked,render column,0.026,0.88,1072,0
100000000,blocked,0.25,300000,0.00100,E-scan,entity-space column,6.396,21.32,24803,80
100000000,blocked,0.25,300000,0.00100,E-cross,project,1.394,4.65,24803,80
100000000,blocked,0.25,300000,0.00100,E-total,project,7.790,25.97,24803,80
100000000,blocked,0.25,300000,0.00100,R-dense,render column,0.210,0.70,24803,80
100000000,blocked,0.25,300000,0.00100,R-masked,render column,0.313,1.04,24803,80
100000000,blocked,0.25,30000,0.00100,E-scan,entity-space column,6.425,214.18,24803,7
100000000,blocked,0.25,30000,0.00100,E-cross,project,1.266,42.20,24803,7
100000000,blocked,0.25,30000,0.00100,E-total,project,7.691,256.38,24803,7
100000000,blocked,0.25,30000,0.00100,R-dense,render column,0.025,0.83,24803,7
100000000,blocked,0.25,30000,0.00100,R-masked,render column,0.048,1.60,24803,7
100000000,scattered,0.01,300000,0.00100,E-scan,entity-space column,9.327,31.09,1022,5
100000000,scattered,0.01,300000,0.00100,E-cross,project,0.180,0.60,1022,5
100000000,scattered,0.01,300000,0.00100,E-total,project,9.507,31.69,1022,5
100000000,scattered,0.01,300000,0.00100,R-dense,render column,0.198,0.66,1022,5
100000000,scattered,0.01,300000,0.00100,R-masked,render column,0.062,0.21,1022,5
100000000,scattered,0.01,30000,0.00100,E-scan,entity-space column,9.046,301.54,1022,0
100000000,scattered,0.01,30000,0.00100,E-cross,project,0.182,6.07,1022,0
100000000,scattered,0.01,30000,0.00100,E-total,project,9.228,307.60,1022,0
100000000,scattered,0.01,30000,0.00100,R-dense,render column,0.025,0.85,1022,0
100000000,scattered,0.01,30000,0.00100,R-masked,render column,0.033,1.09,1022,0
100000000,scattered,0.25,300000,0.00100,E-scan,entity-space column,219.397,731.32,24828,78
100000000,scattered,0.25,300000,0.00100,E-cross,project,1.455,4.85,24828,78
100000000,scattered,0.25,300000,0.00100,E-total,project,220.852,736.17,24828,78
100000000,scattered,0.25,300000,0.00100,R-dense,render column,0.174,0.58,24828,78
100000000,scattered,0.25,300000,0.00100,R-masked,render column,0.320,1.07,24828,78
100000000,scattered,0.25,30000,0.00100,E-scan,entity-space column,219.388,7312.94,24828,11
100000000,scattered,0.25,30000,0.00100,E-cross,project,1.453,48.44,24828,11
100000000,scattered,0.25,30000,0.00100,E-total,project,220.841,7361.37,24828,11
100000000,scattered,0.25,30000,0.00100,R-dense,render column,0.022,0.75,24828,11
100000000,scattered,0.25,30000,0.00100,R-masked,render column,0.048,1.59,24828,11
100000000,contiguous,0.01,300000,0.25000,E-scan,entity-space column,0.457,1.52,250139,780
100000000,contiguous,0.01,300000,0.25000,E-cross,project,4.810,16.03,250139,780
100000000,contiguous,0.01,300000,0.25000,E-total,project,5.267,17.56,250139,780
100000000,contiguous,0.01,300000,0.25000,R-dense,render column,0.955,3.18,250139,780
100000000,contiguous,0.01,300000,0.25000,R-masked,render column,0.086,0.29,250139,780
100000000,contiguous,0.01,30000,0.25000,E-scan,entity-space column,0.436,14.54,250139,84
100000000,contiguous,0.01,30000,0.25000,E-cross,per-tile,0.105,3.51,250139,84
100000000,contiguous,0.01,30000,0.25000,E-total,per-tile,0.542,18.06,250139,84
100000000,contiguous,0.01,30000,0.25000,R-dense,render column,0.154,5.15,250139,84
100000000,contiguous,0.01,30000,0.25000,R-masked,render column,0.038,1.25,250139,84
100000000,contiguous,0.25,300000,0.25000,E-scan,entity-space column,9.137,30.46,6247566,18830
100000000,contiguous,0.25,300000,0.25000,E-cross,per-tile,4.846,16.15,6247566,18830
100000000,contiguous,0.25,300000,0.25000,E-total,per-tile,13.983,46.61,6247566,18830
100000000,contiguous,0.25,300000,0.25000,R-dense,render column,0.875,2.92,6247566,18830
100000000,contiguous,0.25,300000,0.25000,R-masked,render column,0.484,1.61,6247566,18830
100000000,contiguous,0.25,30000,0.25000,E-scan,entity-space column,9.636,321.18,6247566,1885
100000000,contiguous,0.25,30000,0.25000,E-cross,per-tile,0.587,19.57,6247566,1885
100000000,contiguous,0.25,30000,0.25000,E-total,per-tile,10.223,340.76,6247566,1885
100000000,contiguous,0.25,30000,0.25000,R-dense,render column,0.150,4.99,6247566,1885
100000000,contiguous,0.25,30000,0.25000,R-masked,render column,0.103,3.45,6247566,1885
100000000,blocked,0.01,300000,0.25000,E-scan,entity-space column,0.374,1.25,262033,776
100000000,blocked,0.01,300000,0.25000,E-cross,project,4.642,15.47,262033,776
100000000,blocked,0.01,300000,0.25000,E-total,project,5.016,16.72,262033,776
100000000,blocked,0.01,300000,0.25000,R-dense,render column,0.879,2.93,262033,776
100000000,blocked,0.01,300000,0.25000,R-masked,render column,0.081,0.27,262033,776
100000000,blocked,0.01,30000,0.25000,E-scan,entity-space column,0.371,12.37,262033,79
100000000,blocked,0.01,30000,0.25000,E-cross,per-tile,0.241,8.05,262033,79
100000000,blocked,0.01,30000,0.25000,E-total,per-tile,0.612,20.41,262033,79
100000000,blocked,0.01,30000,0.25000,R-dense,render column,0.142,4.73,262033,79
100000000,blocked,0.01,30000,0.25000,R-masked,render column,0.035,1.15,262033,79
100000000,blocked,0.25,300000,0.25000,E-scan,entity-space column,9.026,30.09,6257532,18563
100000000,blocked,0.25,300000,0.25000,E-cross,per-tile,6.442,21.47,6257532,18563
100000000,blocked,0.25,300000,0.25000,E-total,per-tile,15.468,51.56,6257532,18563
100000000,blocked,0.25,300000,0.25000,R-dense,render column,0.887,2.96,6257532,18563
100000000,blocked,0.25,300000,0.25000,R-masked,render column,0.472,1.57,6257532,18563
100000000,blocked,0.25,30000,0.25000,E-scan,entity-space column,9.133,304.43,6257532,1913
100000000,blocked,0.25,30000,0.25000,E-cross,per-tile,0.728,24.26,6257532,1913
100000000,blocked,0.25,30000,0.25000,E-total,per-tile,9.861,328.69,6257532,1913
100000000,blocked,0.25,30000,0.25000,R-dense,render column,0.153,5.10,6257532,1913
100000000,blocked,0.25,30000,0.25000,R-masked,render column,0.098,3.26,6257532,1913
100000000,scattered,0.01,300000,0.25000,E-scan,entity-space column,10.876,36.25,250268,718
100000000,scattered,0.01,300000,0.25000,E-cross,project,9.046,30.15,250268,718
100000000,scattered,0.01,300000,0.25000,E-total,project,19.922,66.41,250268,718
100000000,scattered,0.01,300000,0.25000,R-dense,render column,0.937,3.12,250268,718
100000000,scattered,0.01,300000,0.25000,R-masked,render column,0.098,0.33,250268,718
100000000,scattered,0.01,30000,0.25000,E-scan,entity-space column,10.627,354.24,250268,71
100000000,scattered,0.01,30000,0.25000,E-cross,per-tile,1.431,47.71,250268,71
100000000,scattered,0.01,30000,0.25000,E-total,per-tile,12.059,401.95,250268,71
100000000,scattered,0.01,30000,0.25000,R-dense,render column,0.165,5.50,250268,71
100000000,scattered,0.01,30000,0.25000,R-masked,render column,0.037,1.22,250268,71
100000000,scattered,0.25,300000,0.25000,E-scan,entity-space column,266.598,888.66,6249194,18798
100000000,scattered,0.25,300000,0.25000,E-cross,per-tile,18.777,62.59,6249194,18798
100000000,scattered,0.25,300000,0.25000,E-total,per-tile,285.374,951.25,6249194,18798
100000000,scattered,0.25,300000,0.25000,R-dense,render column,0.843,2.81,6249194,18798
100000000,scattered,0.25,300000,0.25000,R-masked,render column,0.459,1.53,6249194,18798
100000000,scattered,0.25,30000,0.25000,E-scan,entity-space column,264.912,8830.41,6249194,1866
100000000,scattered,0.25,30000,0.25000,E-cross,per-tile,4.008,133.60,6249194,1866
100000000,scattered,0.25,30000,0.25000,E-total,per-tile,268.920,8964.02,6249194,1866
100000000,scattered,0.25,30000,0.25000,R-dense,render column,0.138,4.60,6249194,1866
100000000,scattered,0.25,30000,0.25000,R-masked,render column,0.098,3.27,6249194,1866
