arm,rows,artifacts,mask_pct,viewport_pct,depth,route,runs,setup_ms,candidacy_us_median,count_us_median,containment_us_median,cut_us_median,total_us_median,total_us_min,total_us_max,candidates,served
dispersed,100000000,1000000,100,0.024,10,grouped,3,0,5846,238,1,848,6937,5959,8008,1986,1986
dispersed,100000000,1000000,100,0.024,10,hoisted,3,0,2091,214,1,791,3104,2746,3836,1986,1986
dispersed,100000000,1000000,100,0.024,10,index,3,0,6273,379,1300,0,7953,6664,8245,1986,1986
dispersed,100000000,1000000,100,0.024,10,settled,3,105,5835,2,0,0,5837,4947,6715,1986,1986
dispersed,100000000,1000000,100,0.39,8,grouped,3,0,30534,269,3,1207,32010,31035,33438,18777,18224
dispersed,100000000,1000000,100,0.39,8,hoisted,3,0,10395,264,3,1230,11879,11492,13013,18777,18224
dispersed,100000000,1000000,100,0.39,8,index,3,0,29859,4770,13726,0,48318,47132,49867,18777,18777
dispersed,100000000,1000000,100,0.39,8,settled,3,105,29962,10,0,0,29972,29478,31111,18777,18777
dispersed,100000000,1000000,100,100,0,grouped,3,0,1147828,267,1,321,1148428,1112281,1161297,1000000,729
dispersed,100000000,1000000,100,100,0,hoisted,3,0,43759,256,1,305,44315,42506,46002,1000000,729
dispersed,100000000,1000000,100,100,0,index,3,0,1152507,247556,742445,0,2168056,2110785,2185749,1000000,1000000
dispersed,100000000,1000000,100,100,0,settled,3,105,13374,249,0,0,13623,13341,14809,1000000,1000000
dispersed,100000000,1000000,100,25,5,grouped,3,0,369182,255,1,7153,376520,369134,387551,382267,284454
dispersed,100000000,1000000,100,25,5,hoisted,3,0,30666,257,1,7251,38211,37638,39903,382267,284454
dispersed,100000000,1000000,100,25,5,index,3,0,364479,95551,285935,0,752420,736813,761389,382267,382267
dispersed,100000000,1000000,100,25,5,settled,3,105,124614,113,0,0,124727,123145,129785,382267,382267
dispersed,100000000,1000000,100,50,4,grouped,3,0,731841,226,1,10925,743024,736945,750987,719214,159773
dispersed,100000000,1000000,100,50,4,hoisted,3,0,42197,226,1,11014,53438,52785,55315,719214,159773
dispersed,100000000,1000000,100,50,4,index,3,0,736908,176650,533140,0,1446697,1393722,1470340,719214,719214
dispersed,100000000,1000000,100,50,4,settled,3,105,202201,185,0,0,202380,199268,205137,719214,719214
dispersed,100000000,1000000,100,6.25,6,grouped,3,0,118235,251,1,3219,121670,120509,123111,134011,128112
dispersed,100000000,1000000,100,6.25,6,hoisted,3,0,19144,256,1,3179,22533,22378,23018,134011,128112
dispersed,100000000,1000000,100,6.25,6,index,3,0,116829,32840,101351,0,250910,248066,255392,134011,134011
dispersed,100000000,1000000,100,6.25,6,settled,3,105,108015,37,0,0,108051,106218,109746,134011,134011
dispersed,100000000,1000000,100,75,4,grouped,3,0,1038372,268,2,13610,1052215,1039103,1080629,980774,15321
dispersed,100000000,1000000,100,75,4,hoisted,3,0,49625,227,1,13136,63034,62113,65250,980774,15321
dispersed,100000000,1000000,100,75,4,index,3,0,1028432,242959,729177,0,2001302,1988925,2033391,980774,980774
dispersed,100000000,1000000,100,75,4,settled,3,105,184572,253,0,0,184872,183275,191029,980774,980774
dispersed,100000000,1000000,25,0.024,10,grouped,3,0,2596,199,1,769,3513,3401,4688,680,680
dispersed,100000000,1000000,25,0.024,10,hoisted,3,0,1427,192,2,702,2301,2078,3905,680,680
dispersed,100000000,1000000,25,0.024,10,index,3,0,6980,532,3480,0,10997,10180,11286,1969,680
dispersed,100000000,1000000,25,0.024,10,settled,3,195,2077,1,0,0,2077,1825,3304,680,680
dispersed,100000000,1000000,25,0.39,8,grouped,3,0,18493,431,3,1014,19917,18408,21137,6373,6304
dispersed,100000000,1000000,25,0.39,8,hoisted,3,0,10994,412,2,1018,12382,11469,12908,6373,6304
dispersed,100000000,1000000,25,0.39,8,index,3,0,30868,7263,33794,0,71925,68978,77341,18743,6373
dispersed,100000000,1000000,25,0.39,8,settled,3,195,16741,7,0,0,16748,15185,18875,6373,6373
dispersed,100000000,1000000,25,100,0,grouped,3,0,398101,373,2,8664,407189,390445,420304,330088,356
dispersed,100000000,1000000,25,100,0,hoisted,3,0,45068,376,2,8532,54219,53201,55891,330088,356
dispersed,100000000,1000000,25,100,0,index,3,0,1121518,342832,1722362,0,3188087,3120363,3285202,1000000,330088
dispersed,100000000,1000000,25,100,0,settled,3,195,4287,150,0,0,4437,4236,4546,330088,330088
dispersed,100000000,1000000,25,25,5,grouped,3,0,136118,430,2,4154,140728,135453,143012,126410,115870
dispersed,100000000,1000000,25,25,5,hoisted,3,0,27709,417,2,4290,32657,31082,33428,126410,115870
dispersed,100000000,1000000,25,25,5,index,3,0,365687,131684,659177,0,1156911,1120172,1172555,382190,126410
dispersed,100000000,1000000,25,25,5,settled,3,195,49008,70,0,0,49070,46602,49782,126410,126410
dispersed,100000000,1000000,25,50,4,grouped,3,0,262068,414,2,6983,269465,264422,281258,237967,162732
dispersed,100000000,1000000,25,50,4,hoisted,3,0,39861,434,2,7075,47380,46549,49333,237967,162732
dispersed,100000000,1000000,25,50,4,index,3,0,725567,247864,1248752,0,2234192,2176997,2304551,719169,237967
dispersed,100000000,1000000,25,50,4,settled,3,195,73770,115,0,0,73885,72684,78027,237967,237967
dispersed,100000000,1000000,25,6.25,6,grouped,3,0,50338,404,2,2086,52867,52122,54650,44441,43798
dispersed,100000000,1000000,25,6.25,6,hoisted,3,0,17013,391,2,2043,19442,18595,21156,44441,43798
dispersed,100000000,1000000,25,6.25,6,index,3,0,119252,47679,234168,0,400511,381134,407497,133973,44441
dispersed,100000000,1000000,25,6.25,6,settled,3,195,43745,24,0,0,43768,43194,48799,44441,44441
dispersed,100000000,1000000,25,75,4,grouped,3,0,358713,399,2,9203,368298,360494,378597,323715,97792
dispersed,100000000,1000000,25,75,4,hoisted,3,0,45789,381,2,8928,55321,53885,57159,323715,97792
dispersed,100000000,1000000,25,75,4,index,3,0,1023977,337107,1686536,0,3048644,3007799,3187369,980743,323715
dispersed,100000000,1000000,25,75,4,settled,3,195,63714,172,0,0,63916,62499,66683,323715,323715
dispersed,100000000,1000000,3.125,0.024,10,grouped,3,0,863,28,0,649,1540,1485,1750,57,57
dispersed,100000000,1000000,3.125,0.024,10,hoisted,3,0,742,27,0,638,1410,1386,1495,57,57
dispersed,100000000,1000000,3.125,0.024,10,index,3,0,6992,390,2333,0,9702,9084,10589,825,57
dispersed,100000000,1000000,3.125,0.024,10,settled,3,311,370,0,0,0,371,359,858,57,57
dispersed,100000000,1000000,3.125,0.39,8,grouped,3,0,3310,329,2,702,4343,4264,4699,657,656
dispersed,100000000,1000000,3.125,0.39,8,hoisted,3,0,2767,331,1,729,3845,3497,4657,657,656
dispersed,100000000,1000000,3.125,0.39,8,index,3,0,32017,5653,29751,0,67439,65872,70168,10749,657
dispersed,100000000,1000000,3.125,0.39,8,settled,3,311,1786,1,0,0,1787,1542,4440,657,657
dispersed,100000000,1000000,3.125,100,0,grouped,3,0,90520,763,3,3586,94847,93620,98200,46674,20472
dispersed,100000000,1000000,3.125,100,0,hoisted,3,0,21349,748,3,3289,25458,24761,27247,46674,20472
dispersed,100000000,1000000,3.125,100,0,index,3,0,1612196,523409,2703175,0,4838205,4791377,4879271,1000000,46674
dispersed,100000000,1000000,3.125,100,0,settled,3,311,564,58,0,0,626,589,759,46674,46674
dispersed,100000000,1000000,3.125,25,5,grouped,3,0,32390,719,4,1916,35035,34593,35936,16095,15839
dispersed,100000000,1000000,3.125,25,5,hoisted,3,0,11731,664,4,1826,14200,13647,15385,16095,15839
dispersed,100000000,1000000,3.125,25,5,index,3,0,496141,178527,912778,0,1587287,1572884,1596701,335568,16095
dispersed,100000000,1000000,3.125,25,5,settled,3,311,10442,41,0,0,10483,7528,11710,16095,16095
dispersed,100000000,1000000,3.125,50,4,grouped,3,0,60038,846,5,2762,63730,63148,65828,32281,31049
dispersed,100000000,1000000,3.125,50,4,hoisted,3,0,17982,809,5,2668,21464,20797,22484,32281,31049
dispersed,100000000,1000000,3.125,50,4,index,3,0,1020367,364146,1885996,0,3272241,3249150,3287309,693769,32281
dispersed,100000000,1000000,3.125,50,4,settled,3,311,15474,74,0,0,15548,13675,16447,32281,32281
dispersed,100000000,1000000,3.125,6.25,6,grouped,3,0,11206,642,3,1102,12788,11641,15486,5095,5085
dispersed,100000000,1000000,3.125,6.25,6,hoisted,3,0,5552,576,2,1014,7148,5842,9854,5095,5085
dispersed,100000000,1000000,3.125,6.25,6,index,3,0,150190,58171,292810,0,500604,495902,508295,107218,5095
dispersed,100000000,1000000,3.125,6.25,6,settled,3,311,8569,13,0,0,8582,6016,11805,5095,5095
dispersed,100000000,1000000,3.125,75,4,grouped,3,0,82386,765,5,3379,87015,85273,90195,44744,39354
dispersed,100000000,1000000,3.125,75,4,hoisted,3,0,21338,795,5,3316,25520,25074,26465,44744,39354
dispersed,100000000,1000000,3.125,75,4,index,3,0,1456682,504018,2595119,0,4554157,4533042,4591011,962105,44744
dispersed,100000000,1000000,3.125,75,4,settled,3,311,13131,108,0,0,13227,12346,14559,44744,44744
dispersed,100000000,1000000,50,0.024,10,grouped,3,0,4139,280,1,742,5151,4672,5745,1184,1184
dispersed,100000000,1000000,50,0.024,10,hoisted,3,0,1894,294,2,757,2954,2386,3719,1184,1184
dispersed,100000000,1000000,50,0.024,10,index,3,0,6487,510,3228,0,10195,9494,10965,1980,1184
dispersed,100000000,1000000,50,0.024,10,settled,3,175,3235,1,0,0,3236,2902,4630,1184,1184
dispersed,100000000,1000000,50,0.39,8,grouped,3,0,23330,403,3,1119,24854,23572,25831,11146,10944
dispersed,100000000,1000000,50,0.39,8,hoisted,3,0,10163,393,3,1092,11651,11387,12139,11146,10944
dispersed,100000000,1000000,50,0.39,8,index,3,0,30252,7100,31800,0,69152,67505,73180,18761,11146
dispersed,100000000,1000000,50,0.39,8,settled,3,175,21345,8,0,0,21352,20810,22178,11146,11146
dispersed,100000000,1000000,50,100,0,grouped,3,0,715087,371,2,11736,727061,714955,761272,589897,593
dispersed,100000000,1000000,50,100,0,hoisted,3,0,51955,376,1,11578,63895,63248,68457,589897,593
dispersed,100000000,1000000,50,100,0,index,3,0,1146378,358372,1580739,0,3085488,3010958,3130810,1000000,589897
dispersed,100000000,1000000,50,100,0,settled,3,175,7940,163,0,0,8129,7958,9021,589897,589897
dispersed,100000000,1000000,50,25,5,grouped,3,0,232726,427,2,5845,239005,235654,246567,225489,191244
dispersed,100000000,1000000,50,25,5,hoisted,3,0,30898,413,1,5881,37194,36690,39161,225489,191244
dispersed,100000000,1000000,50,25,5,index,3,0,370794,137315,609440,0,1118242,1057737,1135494,382226,225489
dispersed,100000000,1000000,50,25,5,settled,3,175,79533,74,0,0,79615,78103,82052,225489,225489
dispersed,100000000,1000000,50,50,4,grouped,3,0,461736,375,2,9431,471503,461805,476776,424822,200665
dispersed,100000000,1000000,50,50,4,hoisted,3,0,45902,361,2,9415,55677,54964,57238,424822,200665
dispersed,100000000,1000000,50,50,4,index,3,0,753326,258610,1128814,0,2139318,2104872,2214242,719192,424822
dispersed,100000000,1000000,50,50,4,settled,3,175,126428,140,0,0,126674,123576,128287,424822,424822
dispersed,100000000,1000000,50,6.25,6,grouped,3,0,79480,403,2,2674,82592,80736,83457,79143,77157
dispersed,100000000,1000000,50,6.25,6,hoisted,3,0,18001,391,2,2667,21066,20763,27668,79143,77157
dispersed,100000000,1000000,50,6.25,6,index,3,0,121092,48375,214728,0,385609,379328,391527,133992,79143
dispersed,100000000,1000000,50,6.25,6,settled,3,175,70093,29,0,0,70123,68058,74759,79143,79143
dispersed,100000000,1000000,50,75,4,grouped,3,0,643811,395,2,11873,655940,649963,666830,578580,54744
dispersed,100000000,1000000,50,75,4,hoisted,3,0,55045,372,2,11770,67385,66267,69979,578580,54744
dispersed,100000000,1000000,50,75,4,index,3,0,1048008,352724,1557636,0,2964045,2840062,3008849,980760,578580
dispersed,100000000,1000000,50,75,4,settled,3,175,114293,185,0,0,114478,108535,116905,578580,578580
dispersed,100000000,1000000,75,0.024,10,grouped,3,0,5281,314,1,750,6346,5294,6988,1654,1654
dispersed,100000000,1000000,75,0.024,10,hoisted,3,0,2034,321,1,764,3153,2763,3515,1654,1654
dispersed,100000000,1000000,75,0.024,10,index,3,0,6367,567,2568,0,9562,8044,9988,1984,1654
dispersed,100000000,1000000,75,0.024,10,settled,3,151,4468,1,0,0,4469,3834,5326,1654,1654
dispersed,100000000,1000000,75,0.39,8,grouped,3,0,27782,396,3,1179,29459,27405,31179,15669,15279
dispersed,100000000,1000000,75,0.39,8,hoisted,3,0,10056,366,2,1131,11560,10747,12862,15669,15279
dispersed,100000000,1000000,75,0.39,8,index,3,0,31045,6967,25673,0,63686,59149,68759,18774,15669
dispersed,100000000,1000000,75,0.39,8,settled,3,151,26808,9,0,0,26817,24192,27464,15669,15669
dispersed,100000000,1000000,75,100,0,grouped,3,0,979762,383,1,12689,992823,977045,1028679,830137,720
dispersed,100000000,1000000,75,100,0,hoisted,3,0,45722,362,1,12619,58727,57706,60923,830137,720
dispersed,100000000,1000000,75,100,0,index,3,0,1155149,358195,1318621,0,2832632,2740621,2845477,1000000,830137
dispersed,100000000,1000000,75,100,0,settled,3,151,11339,230,0,0,11569,11411,12583,830137,830137
dispersed,100000000,1000000,75,25,5,grouped,3,0,317197,392,1,6746,324307,316575,331980,317259,249675
dispersed,100000000,1000000,75,25,5,hoisted,3,0,30436,386,1,6785,37675,37165,41092,317259,249675
dispersed,100000000,1000000,75,25,5,index,3,0,371598,137887,506353,0,1015906,1000704,1027663,382267,317259
dispersed,100000000,1000000,75,25,5,settled,3,151,107744,91,0,0,107834,106442,110532,317259,317259
dispersed,100000000,1000000,75,50,4,grouped,3,0,626304,366,1,10499,637242,594952,649338,597477,187874
dispersed,100000000,1000000,75,50,4,hoisted,3,0,43210,370,2,10806,54388,53569,56046,597477,187874
dispersed,100000000,1000000,75,50,4,index,3,0,744398,259406,953446,0,1956634,1931080,2022399,719214,597477
dispersed,100000000,1000000,75,50,4,settled,3,151,171969,183,0,0,172152,159502,176026,597477,597477
dispersed,100000000,1000000,75,6.25,6,grouped,3,0,104978,410,2,3132,108509,103673,112017,111214,107146
dispersed,100000000,1000000,75,6.25,6,hoisted,3,0,18566,384,2,2940,21885,20752,23120,111214,107146
dispersed,100000000,1000000,75,6.25,6,index,3,0,122101,48512,180625,0,348873,344513,380687,134011,111214
dispersed,100000000,1000000,75,6.25,6,settled,3,151,93716,34,0,0,93751,91872,101355,111214,111214
dispersed,100000000,1000000,75,75,4,grouped,3,0,884050,370,2,12748,897488,888074,923080,814180,24238
dispersed,100000000,1000000,75,75,4,hoisted,3,0,50837,357,2,13070,64064,63310,70916,814180,24238
dispersed,100000000,1000000,75,75,4,index,3,0,1040889,353271,1296643,0,2691297,2537651,2719838,980774,814180
dispersed,100000000,1000000,75,75,4,settled,3,151,157355,228,0,0,157583,154775,159551,814180,814180
dispersed,100000000,1000000,9.375,0.024,10,grouped,3,0,1422,64,1,645,2119,2076,2361,284,284
dispersed,100000000,1000000,9.375,0.024,10,hoisted,3,0,948,63,1,647,1656,1624,1779,284,284
dispersed,100000000,1000000,9.375,0.024,10,index,3,0,7178,423,3266,0,10843,9364,12442,1742,284
dispersed,100000000,1000000,9.375,0.024,10,settled,3,178,952,0,0,0,953,891,2581,284,284
dispersed,100000000,1000000,9.375,0.39,8,grouped,3,0,9694,359,2,880,11009,9199,11491,2787,2772
dispersed,100000000,1000000,9.375,0.39,8,hoisted,3,0,6228,312,2,810,7409,6343,9710,2787,2772
dispersed,100000000,1000000,9.375,0.39,8,index,3,0,30029,6120,31772,0,67805,66336,69733,17165,2787
dispersed,100000000,1000000,9.375,0.39,8,settled,3,178,8761,4,0,0,8765,6570,9802,2787,2787
dispersed,100000000,1000000,9.375,100,0,grouped,3,0,180283,386,2,4810,185481,179739,192472,144553,26284
dispersed,100000000,1000000,9.375,100,0,hoisted,3,0,28988,361,2,4709,34095,33081,35790,144553,26284
dispersed,100000000,1000000,9.375,100,0,index,3,0,1099056,329296,1740232,0,3163089,3140582,3231926,1000000,144553
dispersed,100000000,1000000,9.375,100,0,settled,3,178,1855,112,0,0,1987,1854,2036,144553,144553
dispersed,100000000,1000000,9.375,25,5,grouped,3,0,64545,390,2,2606,67491,67083,70866,54796,52900
dispersed,100000000,1000000,9.375,25,5,hoisted,3,0,18733,407,2,2517,21764,21222,24000,54796,52900
dispersed,100000000,1000000,9.375,25,5,index,3,0,354945,125170,663839,0,1142605,1121788,1194597,376571,54796
dispersed,100000000,1000000,9.375,25,5,settled,3,178,24306,53,0,0,24358,23611,25595,54796,54796
dispersed,100000000,1000000,9.375,50,4,grouped,3,0,122395,490,2,4048,127750,125093,133134,104214,89444
dispersed,100000000,1000000,9.375,50,4,hoisted,3,0,26255,501,2,3978,30736,30237,31351,104214,89444
dispersed,100000000,1000000,9.375,50,4,index,3,0,709285,234112,1254341,0,2195764,2167055,2217053,716142,104214
dispersed,100000000,1000000,9.375,50,4,settled,3,178,34168,96,0,0,34264,33588,38474,104214,104214
dispersed,100000000,1000000,9.375,6.25,6,grouped,3,0,25564,459,2,1509,27549,26303,28799,19153,19028
dispersed,100000000,1000000,9.375,6.25,6,hoisted,3,0,11626,411,2,1445,13493,12537,14431,19153,19028
dispersed,100000000,1000000,9.375,6.25,6,index,3,0,117248,43885,231756,0,393944,385315,404318,130767,19153
dispersed,100000000,1000000,9.375,6.25,6,settled,3,178,21675,21,0,0,21694,20948,22549,19153,19153
dispersed,100000000,1000000,9.375,75,4,grouped,3,0,165862,402,2,5028,171332,169144,181493,141384,87518
dispersed,100000000,1000000,9.375,75,4,hoisted,3,0,30551,421,2,4858,35739,35163,37074,141384,87518
dispersed,100000000,1000000,9.375,75,4,index,3,0,999185,321914,1706749,0,3016094,2972994,3046060,978857,141384
dispersed,100000000,1000000,9.375,75,4,settled,3,178,28798,126,0,0,28921,28840,30432,141384,141384
